{"cameraMode":{"drawMode":0,"name":"Shaded","section":"Shading Mode"},"sceneLighting":true,"audioPlay":false,"sceneViewState":{"showFog":false,"showMaterialUpdate":false,"showSkybox":true,"showFlares":false,"showImageEffects":false,"showParticleSystems":false},"in2DMode":false,"pivot":{"x":13.942108154296875,"y":-7.156211853027344,"z":34.53736114501953},"rotation":{"x":0.2829614579677582,"y":-0.5704536437988281,"z":0.21821707487106324,"w":0.7395679354667664},"size":28.844968795776368,"orthographic":false}