{"cameraMode":{"drawMode":0,"name":"Shaded","section":"Shading Mode"},"sceneLighting":true,"audioPlay":false,"sceneViewState":{"showFog":true,"showMaterialUpdate":false,"showSkybox":true,"showFlares":true,"showImageEffects":true,"showParticleSystems":true},"in2DMode":false,"pivot":{"x":44.32025909423828,"y":0.3410000801086426,"z":45.16719055175781},"rotation":{"x":0.3114078640937805,"y":-0.5601683259010315,"z":0.23915082216262818,"w":0.7294217348098755},"size":1.7677674293518067,"orthographic":false}