{"cameraMode":{"drawMode":0,"name":"Shaded","section":"Shading Mode"},"sceneLighting":true,"audioPlay":false,"sceneViewState":{"showFog":true,"showMaterialUpdate":true,"showSkybox":true,"showFlares":true,"showImageEffects":true,"showParticleSystems":true},"in2DMode":false,"pivot":{"x":42.62767028808594,"y":1.0279905796051026,"z":46.17216110229492},"rotation":{"x":-0.3959173262119293,"y":0.4648760259151459,"z":-0.24433188140392304,"w":-0.7533055543899536},"size":1.124180793762207,"orthographic":false}