{"cameraMode":{"drawMode":0,"name":"Shaded","section":"Shading Mode"},"sceneLighting":true,"audioPlay":false,"sceneViewState":{"showFog":true,"showMaterialUpdate":false,"showSkybox":true,"showFlares":true,"showImageEffects":true,"showParticleSystems":true},"in2DMode":false,"pivot":{"x":6.966045379638672,"y":-26.75247573852539,"z":24.052108764648439},"rotation":{"x":0.16263747215270997,"y":-0.7717005610466003,"z":0.21796393394470216,"w":0.5750793814659119},"size":35.10669708251953,"orthographic":false}