{"cameraMode":{"drawMode":0,"name":"Shaded","section":"Shading Mode"},"sceneLighting":true,"audioPlay":false,"sceneViewState":{"showFog":true,"showMaterialUpdate":true,"showSkybox":true,"showFlares":true,"showImageEffects":true,"showParticleSystems":true},"in2DMode":false,"pivot":{"x":45.512046813964847,"y":-5.266213893890381,"z":36.745399475097659},"rotation":{"x":-0.006126562599092722,"y":0.930927574634552,"z":-0.3648262023925781,"w":-0.01564672216773033},"size":5.969780921936035,"orthographic":false}