{"cameraMode":{"drawMode":0,"name":"Shaded","section":"Shading Mode"},"sceneLighting":true,"audioPlay":false,"sceneViewState":{"showFog":true,"showMaterialUpdate":true,"showSkybox":true,"showFlares":true,"showImageEffects":true,"showParticleSystems":true},"in2DMode":false,"pivot":{"x":7.611966133117676,"y":3.9941530227661135,"z":20.215694427490236},"rotation":{"x":-0.11931335180997849,"y":0.4763582944869995,"z":0.06543067842721939,"w":0.8686600923538208},"size":0.8872830271720886,"orthographic":false}