{"cameraMode":{"drawMode":0,"name":"Shaded","section":"Shading Mode"},"sceneLighting":true,"audioPlay":false,"sceneViewState":{"showFog":true,"showMaterialUpdate":false,"showSkybox":true,"showFlares":true,"showImageEffects":true,"showParticleSystems":true},"in2DMode":false,"pivot":{"x":44.67951583862305,"y":1.7227264642715455,"z":45.61799240112305},"rotation":{"x":-0.096331886947155,"y":0.9033128619194031,"z":-0.281803160905838,"w":-0.308788001537323},"size":1.0341277122497559,"orthographic":false}