{"cameraMode":{"drawMode":0,"name":"Shaded","section":"Shading Mode"},"sceneLighting":true,"audioPlay":false,"sceneViewState":{"showFog":true,"showMaterialUpdate":false,"showSkybox":true,"showFlares":true,"showImageEffects":true,"showParticleSystems":true},"in2DMode":false,"pivot":{"x":32.03815841674805,"y":-12.947213172912598,"z":49.17319869995117},"rotation":{"x":0.3114078640937805,"y":-0.5601683259010315,"z":0.23915082216262818,"w":0.7294217348098755},"size":18.775400161743165,"orthographic":false}